# label	value_um2	kind	x_mm	y_mm	w_mm	h_mm
die +0+0	858000000	full	0.0000	0.0000	26.0000	33.0000
die +1+0	858000000	full	26.0800	0.0000	26.0000	33.0000
die -1+0	858000000	full	-26.0800	0.0000	26.0000	33.0000
die +0+1	858000000	full	0.0000	33.0800	26.0000	33.0000
die +0-1	858000000	full	0.0000	-33.0800	26.0000	33.0000
die +1+1	858000000	full	26.0800	33.0800	26.0000	33.0000
die +1-1	858000000	full	26.0800	-33.0800	26.0000	33.0000
die -1+1	858000000	full	-26.0800	33.0800	26.0000	33.0000
die -1-1	858000000	full	-26.0800	-33.0800	26.0000	33.0000
die +2+0	858000000	full	52.1600	0.0000	26.0000	33.0000
die -2+0	858000000	full	-52.1600	0.0000	26.0000	33.0000
die +2+1	858000000	full	52.1600	33.0800	26.0000	33.0000
die +2-1	858000000	full	52.1600	-33.0800	26.0000	33.0000
die -2+1	858000000	full	-52.1600	33.0800	26.0000	33.0000
die -2-1	858000000	full	-52.1600	-33.0800	26.0000	33.0000
die +0+2	858000000	full	0.0000	66.1600	26.0000	33.0000
die +0-2	858000000	full	0.0000	-66.1600	26.0000	33.0000
die +1+2	858000000	full	26.0800	66.1600	26.0000	33.0000
die +1-2	858000000	full	26.0800	-66.1600	26.0000	33.0000
die -1+2	858000000	full	-26.0800	66.1600	26.0000	33.0000
die -1-2	858000000	full	-26.0800	-66.1600	26.0000	33.0000
die +3+0	858000000	full	78.2400	0.0000	26.0000	33.0000
die -3+0	858000000	full	-78.2400	0.0000	26.0000	33.0000
die +2+2	858000000	full	52.1600	66.1600	26.0000	33.0000
die +2-2	858000000	full	52.1600	-66.1600	26.0000	33.0000
die -2+2	858000000	full	-52.1600	66.1600	26.0000	33.0000
die -2-2	858000000	full	-52.1600	-66.1600	26.0000	33.0000
die +3+1	858000000	full	78.2400	33.0800	26.0000	33.0000
die +3-1	858000000	full	78.2400	-33.0800	26.0000	33.0000
die -3+1	858000000	full	-78.2400	33.0800	26.0000	33.0000
die -3-1	858000000	full	-78.2400	-33.0800	26.0000	33.0000
die +0+3	858000000	full	0.0000	99.2400	26.0000	33.0000
die +0-3	858000000	full	0.0000	-99.2400	26.0000	33.0000
die +3+2	858000000	full	78.2400	66.1600	26.0000	33.0000
die +3-2	858000000	full	78.2400	-66.1600	26.0000	33.0000
die -3+2	858000000	full	-78.2400	66.1600	26.0000	33.0000
die -3-2	858000000	full	-78.2400	-66.1600	26.0000	33.0000
die +1+3	858000000	full	26.0800	99.2400	26.0000	33.0000
die +1-3	858000000	full	26.0800	-99.2400	26.0000	33.0000
die -1+3	858000000	full	-26.0800	99.2400	26.0000	33.0000
die -1-3	858000000	full	-26.0800	-99.2400	26.0000	33.0000
die +4+0	858000000	full	104.3200	0.0000	26.0000	33.0000
die -4+0	858000000	full	-104.3200	0.0000	26.0000	33.0000
die +4+1	858000000	full	104.3200	33.0800	26.0000	33.0000
die +4-1	858000000	full	104.3200	-33.0800	26.0000	33.0000
die -4+1	858000000	full	-104.3200	33.0800	26.0000	33.0000
die -4-1	858000000	full	-104.3200	-33.0800	26.0000	33.0000
die +2+3	858000000	full	52.1600	99.2400	26.0000	33.0000
die +2-3	858000000	full	52.1600	-99.2400	26.0000	33.0000
die -2+3	858000000	full	-52.1600	99.2400	26.0000	33.0000
die -2-3	858000000	full	-52.1600	-99.2400	26.0000	33.0000
die +4+2	858000000	full	104.3200	66.1600	26.0000	33.0000
die +4-2	858000000	full	104.3200	-66.1600	26.0000	33.0000
die -4+2	858000000	full	-104.3200	66.1600	26.0000	33.0000
die -4-2	858000000	full	-104.3200	-66.1600	26.0000	33.0000
die +3+3	857851042	partial	78.2400	99.2400	26.0000	33.0000
die +3-3	857851042	partial	78.2400	-99.2400	26.0000	33.0000
die -3+3	857851042	partial	-78.2400	99.2400	26.0000	33.0000
die -3-3	857851042	partial	-78.2400	-99.2400	26.0000	33.0000
die +5+0	858000000	full	130.4000	0.0000	26.0000	33.0000
die -5+0	858000000	full	-130.4000	0.0000	26.0000	33.0000
die +0+4	805864583	partial	0.0000	132.3200	26.0000	33.0000
die +0-4	805864583	partial	0.0000	-132.3200	26.0000	33.0000
die +5+1	818079167	partial	130.4000	33.0800	26.0000	33.0000
die +5-1	818079167	partial	130.4000	-33.0800	26.0000	33.0000
die -5+1	818079167	partial	-130.4000	33.0800	26.0000	33.0000
die -5-1	818079167	partial	-130.4000	-33.0800	26.0000	33.0000
die +1+4	744836354	partial	26.0800	132.3200	26.0000	33.0000
die +1-4	744836354	partial	26.0800	-132.3200	26.0000	33.0000
die -1+4	744836354	partial	-26.0800	132.3200	26.0000	33.0000
die -1-4	744836354	partial	-26.0800	-132.3200	26.0000	33.0000
die +2+4	555882708	partial	52.1600	132.3200	26.0000	33.0000
die +2-4	555882708	partial	52.1600	-132.3200	26.0000	33.0000
die -2+4	555882708	partial	-52.1600	132.3200	26.0000	33.0000
die -2-4	555882708	partial	-52.1600	-132.3200	26.0000	33.0000
die +4+3	526969896	partial	104.3200	99.2400	26.0000	33.0000
die +4-3	526969896	partial	104.3200	-99.2400	26.0000	33.0000
die -4+3	526969896	partial	-104.3200	99.2400	26.0000	33.0000
die -4-3	526969896	partial	-104.3200	-99.2400	26.0000	33.0000
die +5+2	443329792	partial	130.4000	66.1600	26.0000	33.0000
die +5-2	443329792	partial	130.4000	-66.1600	26.0000	33.0000
die -5+2	443329792	partial	-130.4000	66.1600	26.0000	33.0000
die -5-2	443329792	partial	-130.4000	-66.1600	26.0000	33.0000
die +3+4	216272604	partial	78.2400	132.3200	26.0000	33.0000
die +3-4	216272604	partial	78.2400	-132.3200	26.0000	33.0000
die -3+4	216272604	partial	-78.2400	132.3200	26.0000	33.0000
die -3-4	216272604	partial	-78.2400	-132.3200	26.0000	33.0000
die +6+0	105700833	partial	156.4800	0.0000	26.0000	33.0000
die -6+0	105700833	partial	-156.4800	0.0000	26.0000	33.0000
die +6+1	22045833	partial	156.4800	33.0800	26.0000	33.0000
die +6-1	22045833	partial	156.4800	-33.0800	26.0000	33.0000
die -6+1	22045833	partial	-156.4800	33.0800	26.0000	33.0000
die -6-1	22045833	partial	-156.4800	-33.0800	26.0000	33.0000
die +5+3	11961354	partial	130.4000	99.2400	26.0000	33.0000
die +5-3	11961354	partial	130.4000	-99.2400	26.0000	33.0000
die -5+3	11961354	partial	-130.4000	99.2400	26.0000	33.0000
die -5-3	11961354	partial	-130.4000	-99.2400	26.0000	33.0000
