# stars	unix	entry_lines	entries	sha12
1789771829	387076	289	232bad54b1ea
1789771794	387076	289	6e4589095734
1789771271	386888	289	c4d84dbfe2b9
1789761536	386888	289	44ea850daa9c
1789761503	386888	289	1cb851c0a068
1789760777	386865	289	8c1a0f285a34
1789749894	386865	289	2368a1d72a42
1789749860	386865	289	d4ebda88ac90
1789749278	386834	289	c57cf1512284
1789732075	386834	289	2c81895083ee
1789732042	386834	289	36cbd875528f
1789731010	386804	289	a2109d995ebe
1789713540	386804	289	08b5b8cc06f8
1789713512	386804	289	8f7d4605d8f0
1789711449	385721	288	34c8b25ee783
1789692455	385721	288	fa913df5627c
1789692426	385721	288	4cc8bf29f62c
1789691409	385376	288	d7976315eb0a
1789684065	385304	288	bf57aa93628d
1789684036	385304	288	a73d25cc620f
1789680942	385304	288	5ffb05481a3f
1789672591	385304	288	db27a782e4eb
1789672562	385304	288	ac7ab79a58e5
1789669316	385304	288	a274b8613f4f
1789658422	385304	288	08f9d6995832
1789658391	385304	288	b7dab3160083
1789652229	385304	288	c8c0639f0617
1789640740	385304	288	e8e15cc460f7
1789640712	385304	288	b288971dd4c4
1789631411	385304	288	857d5ce18490
1789622452	385304	288	4c21bbbe7942
1789622421	385304	288	9af8cee728ff
1789608769	385082	288	880576872e65
1789602741	385004	288	071c7f3c2510
1789602713	385004	288	3d191c996f1f
1789599808	384134	288	8ad175eb6098
1789595002	384134	288	0be76a053866
1789594971	384134	288	e18d494865e9
1789589769	384134	288	1aa69a61cfc0
1789580774	384134	288	4d5195f889f1
1789580744	384134	288	7b7e1017d907
1789578576	384134	288	6514865cbcc3
1789563087	384134	288	967beeb84462
1789563051	384134	288	47eaa839b83b
1789559468	384130	288	9f47f953b158
1789541056	384130	288	f65eb3464489
1789541028	384130	288	1a53b23c47ae
1789539147	379640	287	9fafda6c05a0
1789519723	379640	287	8428a4db7049
1789519693	379640	287	52b574a25f5b
1789518776	378943	287	8707f7ceee8a
1789508744	379029	287	2e0059f97093
1789508713	379029	287	d2681d4c9a1d
1789507944	361658	283	7754a2f0d9bb
1789496987	361658	283	7f9490a5f6d8
1789496952	361658	283	e8f48e600c8a
1789496298	355519	281	5879ebc11330
1789480365	355519	281	1b6d9294985e
1789480335	355519	281	210618cebc93
1789479735	355361	281	a2f3ee320a40
1789459423	355361	281	3c3533fba3d0
1789459381	355361	281	a7712fdabedd
1789458842	353974	281	ae5b0d832fe0
1789437289	353974	281	dec595dbd9ce
1789437262	353974	281	80f494932d3a
1789436154	347943	280	432f29538611
1789428472	347903	280	a5594e5c10c7
1789428437	347903	280	aea3ac9dbf8e
1789427651	345927	280	ceef03f0df27
1789415867	345927	280	8afd8c9a4af3
1789415835	345927	280	15667ee5bdd5
1789415550	345721	279	7a03b54e7fda
1789401266	345721	279	b327f734891f
1789401236	345721	279	1f517c01c579
1789401109	345054	279	7e69fa026861
1789400090	344718	279	a5aae09e0abe
1789398920	344906	273	fdf0bf8ede4d
1789398891	344906	273	60d2c83400d0
1789398366	344570	273	9e76a32b09f5
1789396409	344570	273	5f2a5d5eb0e8
1789396383	344570	273	84042e223504
1789396273	344570	273	ca1ff370bfb5
1789396242	344570	273	5ed441256c44
1789396124	343367	273	d34ee3ebac00
1789396108	355466	273	2dfbaa7a8513
1789395818	355466	273	00c5d1f237b6
1789395517	355456	273	65acb31c198b
1789392461	355336	269	9f0d405632a5
1789392433	355854	271	9a4eda1c643f
1789392227	355533	271	7251935c0cca
1789391736	355336	269	dabfdcf59558
1789391014	355312	268	6fbbba556361
1789390750	355311	268	321e08866795
1789390727	355311	268	30b0a4d75a99
1789390619	355313	268	3fc70fabf99d
1789389951	354882	263	dd4fcb255fcb
1789389925	354882	263	6128e2f9ad2b
1789389820	354882	263	48016a2fd02f
1789389795	354882	263	34bca010bb49
1789389783	355129	262	91b500de5451
1789389766	355132	262	9d6ab646b8e0
1789389663	354751	259	199badb34dd1
1789389380	353893	236	2d6128171ec6
1789389155	353818	235	b479747c6819
1789389129	353818	235	acb0f0b2aac8
1789389040	353474	235	825a8bc04e01
1789389012	353473	235	820b60e5c613
1789388956	353473	235	4f554fa7522a
1789388939	353473	235	63587007edd7
1789388375	353473	235	64cd5815ff02
1789388370	353473	235	68f12567cf84
1789388353	349411	233	95528e9a1f0a
1789380575	349445	234	afd2d78d9dcf
1789380553	349445	234	1c4e19676b95
1789380475	357380	232	ec9d5ef3878c
1789380451	357361	232	99cbdd479d70
1789380351	357371	232	5d491d80804b
1789380280	357369	232	20581bdb65ad
1789380267	357378	232	22bd573d0922
1789380256	357362	232	1b5310344933
1789380200	357353	232	6a7803d3b6cf
1789380164	357325	232	ef9cdb79e047
1789380094	357322	232	754b4857fbd7
1789380030	357261	231	9a435b018357
1789380008	357270	231	a4559a92430b
1789379808	357169	231	2194126059df
1789379690	357168	231	acea8b326396
1789379668	357177	231	b845470fb0b5
1789379593	357168	231	33b139b0754e
1789379576	357173	231	be37cb2545bb
1789379566	356914	229	ee649489ffe5
1789379557	356644	224	9d7f230806ed
1789379546	356551	222	58328c6b9b10
1789379536	356560	222	9064b80a4cc7
1789379516	356557	222	6304dfbbe7f4
1789379440	356548	222	143ff76f7efd
1789379422	356530	222	65247e0e2834
1789379416	356529	222	646c7e430bd9
1789379406	356052	218	ff93447518c8
1789379385	356052	218	137b2d83ddcb
1789379357	356040	218	1f9c200f41b6
1789379322	355725	217	4863f917977d
1789379199	355364	215	6a887da6b38e
1789379177	355364	215	f5e5094362f7
1789379090	355364	215	76859ca9a42e
1789379040	355358	215	11f9ae09a982
1789379015	355358	215	014aa5fc92fb
1789378918	355358	215	7936e0a6c59a
1789378694	355319	214	4ec3a3d4de47
1789378668	355319	214	8b12f6615c25
1789378580	354708	213	04790ac9fa77
1789378287	354644	213	19c8e2b2d89c
1789378259	354644	213	7bccea88c4ed
1789378200	354644	213	690209e43074
1789378175	354644	213	6b18abb20b48
1789378120	354488	213	768862df1bff
1789378087	354487	213	71f5a6025fd8
1789376992	348990	203	58b8d125fb69
1789376968	348990	203	469ce34c738c
1789376863	349441	203	754ee4993837
1789376828	349440	203	1f017d6823e8
1789376809	349440	203	ac181c4f7890
1789376733	360195	203	1378a86afc0e
1789376699	360192	203	873ae30d996a
1789376677	360192	203	3826fa198762
1789376670	344418	200	85f446453ea3
1789376611	344349	199	4c377c65c399
1789375909	344280	199	3460f5990386
1789375886	344280	199	ee5c5696ee93
1789375814	342059	39	2bd916f6b99e
1789375805	342059	39	24e96442e4f1
1789375749	342059	39	cdf293aa90a7
1789375489	341919	38	c1735a729a3f
1789375465	341919	38	1c46a7fac13d
1789375407	94469	37	748c442dc841
1789375232	94438	36	13891244a64f
1789373226	94339	35	6ac6de9f7f44
1789373209	94339	35	ee26d1634121
1789372729	94339	35	d05cf1a6092f
1789365378	94339	35	fb3a84ae69a9
1789365360	94339	35	86efbcb8a5d4
1789361819	94339	35	0c6719ebd568
1789361797	94339	35	5a8f6f6f3309
1789361769	94339	35	05a2e55a3444
1789361738	94338	35	937450696135
1789358109	94338	35	50883769dd59
1789353125	94338	35	c60a2d8c40e1
1789353073	94338	35	a04c81b0cc07
1789352783	94180	29	152b11bbbf2d
1789352585	94929	29	2a9ba086665f
1789352477	94830	28	9c43414a9bf0
1789352429	94428	28	a9f36a85d64a
1789352413	94419	28	a94738cb6d70
1789352314	86570	24	b6e1c5ab7a50
1789352151	86570	24	cb132e37b4ef
1789350986	85742	14	2e1923803ee9
1789350793	85742	14	4735cf89188e
1789350760	294	5	658feeb797a7
